"customer_id","medicare_id","first_name","last_name","street_addr","city","zipc","phone_num","email","cc_num","transaction_amount","transaction_date"
"1","3NC8KP9GU96","Gillian","McLean","Studio 0, Martin keys","Herbertbury","B9 4ZU","0121 496 0879","zlloyd@example.org","3528001953574659","428.78","2018-01-18T19:48:16"
"2","9QC5VR2WK40","Robert","Davis","290 Smith estates","South Aimee","IG11 9LH","0115 4960260","tuckermathew@example.com","3586368768543057","33.17","1994-01-16T07:02:27"
"3","2AT8HN5XD91","Damian","Farrell","Flat 0, Brenda causeway","Port Joannaside","OL21 9NP","01632 960978","marccameron@example.net","3589325461730727","158.51","1998-10-18T00:35:07"
"4","6MU5-EY5-TG14","Chloe","Williams","70 Janice bypass","East Judith","BR12 8EJ","+44131 496 0802","slaterhannah@example.net","4103-7997-0901-4513","453.72","1996-06-21T02:14:49"
"5","6DP2EM7XV13","Dorothy","Webb","Flat 6, Marian centers","Angelatown","N8H 1UL","01632 9607623328","zhodgson@example.net","60428779700","12.17","1996-03-07T08:25:57"
"6","6V45TW2FM62","Barry","Hall","Studio 88, Luke canyon","Owenchester","SP7P 7DY","0117 496 0501","sophie36@example.org","374389275879067","142.96","2016-06-23T02:34:20"
"7","6MD2H46AP60","Mohammad","Wood","49 Burgess lakes","North Allanview","M5G 6WP","+4428 9018 0744","leeelliott@example.org","4623769426301056","529.35","2007-04-27T20:30:22"
"8","8AM4EW8DC41","Wendy","Fleming","Flat 36, Watts spurs","South Lewis","S5 1GU","+440113 4960815","dshaw@example.org","6598492925779708","519.49","1999-02-09T14:56:35"
"9","6JR4-G15-YP56","Ian","Morgan","6 Hill haven","McKenziemouth","DY6R 2XX","0151 496 0570","dylanjones@example.net","3522623016998686","355.62","2013-04-03T14:36:02"
"10","3JV0-MW0-GY05","Sean","Murphy","Studio 44u, French grove","South Helenfurt","NG18 5BR","0151 4960463","josephinehill@example.com","2291674743685220","38.38","2005-02-11T03:52:16"
"11","2KP4KD0GP08","Antony","Woodward","36 Lauren views","New Natashaside","M7H 3QR","+44141 496 0115","jhutchinson@example.net","4052525627992210495","567.47","2016-10-11T10:01:42"
"12","8KF1-KM9-RE20","Joe","Williams","25 Carol parkways","New Damienfurt","BN3H 9PE","909879042835742","rjones@example.com","6580784801595491","103.2","1999-03-30T07:21:26"
"13","9YF1-FT4-GA71","Benjamin","Parker","322 Kaur trail","Port Fiona","N0K 7LZ","029 2018322","georgina66@example.com","583898935122","158.27","2009-10-01T11:18:41"
"14","9AU7-UR4-NG93","Jessica","Fletcher","524 Smith creek","Wilsontown","BH7B 2LA","0115 496 0070","qwallace@example.org","5296956304173813","205.64","1994-05-04T08:25:48"
"15","3F59E78HE44","Peter","Butcher","Studio 7, Julia mountain","North Clareburgh","CT6V 4RS","0121 4960895","jemma79@example.org","4993998860016472","390.02","2017-05-18T20:33:50"
"16","4WY7RY2CU74","Lee","Green","7 Gareth stravenue","West Sarahburgh","DE37 4PX","+44028 9018 0063","ameliawalker@example.org","2574_2226_0458_9665","62.67","1993-06-29T07:26:18"
"17","5RW4-JX3-GH42","Maurice","Jones","Flat 71, Lydia inlet","Julieshire","N4 1DW","+44020 74960577","gordonjohnson@example.org","4670808813914188","62.75","2010-03-11T12:50:24"
"18","5QU1KU7YD48","Samantha","Harding","Flat 8, Russell drives","Randallbury","PA83 0DS","4401154960774","garry02@example.org","4976 6148 9458 1958","195.27","2006-08-09T01:49:20"
"19","3JF7-WE1-QN23","Clive","Brown","088 Richardson via","Port Jordantown","M4E 4QB","4402074960837","juliechapman@example.org","4027_6385_5619_3322","771.54","2003-06-17T07:05:15"
"20","9UP1CA2KR54","Kyle","Joyce","179 Porter bridge","Evansside","CR1W 0QZ","+440113 496 0588","melaniefletcher@example.org","6011937828718590","194.12","2008-04-24T19:48:23"
"21","5PG9UG8VK23","Yvonne","McCarthy","Flat 21O, Moran lake","Shannonfurt","CO54 6FA","+440121 4960834","ephillips@example.net","3563_7095_2473_1725","106.32","2011-12-27T05:07:12"
"22","8XA0-MV3-FF81","Emily","Anderson","Studio 88u, Parkinson ford","Hughesborough","E4 6GR","306999072762353","joan52@example.org","4873162909859245","52.2","2021-12-13T00:16:29"
"23","3F16TQ5HH24","Anne","Miles","1 Garry haven","Jodieburgh","DE0P 0RL","292018529","amber90@example.net","4515_5347_7881_7104","565.5","2009-05-31T12:47:03"
"24","6P68QD3QR34","Samuel","Wheeler","Studio 9, Lee avenue","Port Catherinebury","N8C 9YY","4401154960679","jakebradley@example.org","4818543677325634","24.21","2012-05-19T07:09:48"
"25","2Q91GA8DJ01","Harry","Fletcher","52 White neck","Lake Debra","CW8N 0BD","1144960311","ztaylor@example.net","30520080284863","18.23","1995-02-07T20:50:29"
"26","2C20FR3ER65","Sylvia","Williams","2 Jenkins center","Spencerton","L0U 1SH","1314960833","jaynedobson@example.com","676141924701","114.15","2017-03-02T23:52:51"
"27","4C24GQ9FE46","Abbie","Kaur","Flat 9, Barton estate","East Abbie","WC2R 2WU","4401184960221","vmitchell@example.com","4400 0295 8048 6394","288.86","2016-09-21T12:09:15"
"28","4WT8-GE5-YY85","Jill","Wyatt","Flat 2, Dean cliff","Bakerberg","E6 7PR","01632 960 627","xward@example.net","6595090403484750","624.8","2016-09-17T04:53:03"
"29","2Q57RU1XA93","Marilyn","Clark","Studio 11G, O'Neill lake","Wilsonburgh","B42 7LQ","1174960596","arthurleach@example.net","6011-4081-5092-8918","393.8","2009-11-05T02:00:02"
"30","4YJ3PJ1VJ38","Bethany","Martin","98 Cook mount","Leeland","DD1 4FG","1174960413","moconnor@example.com","373741543908105","642.8","2003-09-28T07:17:33"
"31","6HF3EW4VP28","Leon","Burton","864 Graeme grove","West Victortown","E7 5XB","440115496040906","ameliabrookes@example.net","3557349115565535","199.74","2008-11-14T16:50:59"
"32","2D23VP7NY06","Sally","Brown","56 Griffiths land","Lake Cheryl","M6 6GA","+44808 157 0591","khantrevor@example.net","3539750246107993","289.47","2016-05-01T09:52:17"
"33","8DX3RW1FK68","Carl","Barnes","21 Watson plains","North Guy","N7W 6SQ","+440121 4960153","kathleenheath@example.org","676331402534","85.22","2022-03-29T22:55:50"
"34","5GX7ND0VC42","Albert","White","35 Leon river","Clarkemouth","IP8R 9FR","0114 4960141","hollandmarie@example.org","6011924931581446","41.59","2006-01-22T05:14:58"
"35","9AC9MQ0KH09","Claire","Johnson","716 Francis crescent","West Ruth","N9H 6RP","441914960317","ian28@example.net","4525-6525-5488-3575","211.39","1993-10-27T10:41:42"
"36","6VC4RU9EU93","Julie","Williams","Studio 03L, Skinner cove","Lake Martin","DG59 8JU","+440115 496 0629","ellie66@example.org","3515 2293 4203 4409","184.84","1998-04-16T19:42:58"
"37","1QG4P40XR79","Jay","Fitzgerald","1 Morton camp","Williamsview","W4T 6XL","+440113 496 0937","rsimmons@example.org","501867615830","95.4","1994-06-21T01:01:03"
"38","6R93VW5KN82","Hugh","Glover","Flat 01, Morrison river","New Jenniferberg","ST2M 4EA","+440131 4960754","campbellterry@example.net","213105914193123","128.58","1996-05-10T09:48:28"
"39","4GD7JY0GR37","Vanessa","Fletcher","114 Butler mews","South Dennis","G3 6YB","0306 9990088","msanderson@example.org","3524-6767-0561-5266","19.21","2011-11-27T03:41:20"
"40","1PG1-GR5-YK87","Roger","O'Neill","Studio 60, Gemma forest","West Lauren","TD1P 5TG","440292018971","aimeeali@example.com","180003651171551","2.86","2004-05-23T04:16:11"
"41","4MP5HE2EM57","Jane","Fox","Flat 83B, Emily causeway","West Paul","NP3 1SN","4401174960833","harrietdunn@example.com","3564 1003 8322 3914","194.72","2003-11-13T12:45:58"
"42","8WP3V55EW42","Aimee","Curtis","226 Joyce cove","O'Brienfort","M3 1HS","4401614960999","gcoleman@example.net","4158802337588595","579.26","1997-12-21T09:55:45"
"43","4YX5WP8PF22","Sophie","Williams","Flat 04, Lewis club","Port Callumstad","WF5 8WZ","+440121 4960503","orowley@example.net","3509340920928041","786.32","2005-01-15T14:08:08"
"44","7MR3Q73WX14","Nicholas","James","Studio 84, Quinn street","West Leannechester","E1 9LH","443069990944","eleanor59@example.com","4375876294363876","396.1","1993-08-10T10:51:36"
"45","9CX7ED1WR01","Vincent","Roberts","01 Allan drives","East Jasonstad","OX8 7EX","440289018249","edwardslawrence@example.com","4487_8996_5613_8608","181.37","2021-11-05T17:19:35"
"46","1PD4-AT5-FX13","Guy","Allen","Flat 1, Chapman terrace","New Pamela","WD92 7UY","0115 496 0798","gordonmoore@example.org","562041474965","71.2","1998-08-16T14:23:44"
"47","3MX5XT3QX68","Kevin","Vaughan","399 Allen pass","Brendaburgh","S0 8LT","0151 496 0792","nigelhussain@example.org","180024047636909","451.72","2012-01-05T12:07:42"
"48","2TC8-EA7-HY12","Sharon","Mills","54 Rachael vista","New Gavin","CV9 8PS","+440121 496 0313","jonathan66@example.net","340024880784425","151.12","1993-12-09T07:58:52"
"49","5UC3VH1VQ11","James","Riley","352 Pearce harbor","Lorrainestad","IP28 1FT","4409098790164","bradleymiles@example.org","5254-7293-2536-2099","916.67","2008-06-14T08:57:57"
"50","2YT1W23NH80","Jake","O'Brien","Flat 5, Smith fords","West Christopherfurt","CH89 7SP","4403069990632","umoore@example.com","6509_4434_2125_4322","368.73","2014-02-21T21:09:26"
"51","1VG7PA7EJ74","Claire","Morgan","Flat 87t, Mitchell ports","South Jill","E40 6DJ","+440121 4960216","hpatel@example.org","675997694335","750.51","2007-03-09T13:15:15"
"52","3P65JC2MY53","Abbie","Roberts","92 Buckley common","Lauramouth","E0T 4UT","0121 4960973","maria87@example.net","4241449803038600138","596.15","2008-07-29T14:30:18"
"53","5GD9UU0KN88","Teresa","Matthews","256 Lawrence plain","Port Jessica","JE2 1ZT","0117 4960782","nicholascook@example.com","6553692046398980","295.3","2003-07-28T21:40:30"
"54","2R73GX3GM37","Stewart","Morris","Studio 2, Naomi gateway","Williamsshire","G14 5LH","1134960609086410","asmith@example.com","4538412103439","393.53","2015-06-23T08:41:42"
"55","3CD9VH0XH49","Graeme","Williams","352 Glen mill","South Justinmouth","SS21 4HB","0131 496 0509","conorleonard@example.org","676134916367","47.36","2012-02-08T07:39:11"
"56","1RG8XU5PV76","Eileen","Reed","Studio 03, Robinson well","West Marcusfort","G0C 6QR","4401414960458","clarkben@example.com","372310375613620","148.36","2022-08-14T00:20:08"
"57","3JG4-DQ4-UJ07","Billy","Wilson","3 Clark glen","Hannahfurt","M2J 5TZ","4401134960544","jonescharles@example.net","4217742283736352387","133.76","1994-03-24T13:57:33"
"58","3HF5HH5FU50","Caroline","Smith","20 Marion manors","East Colinmouth","AL3 8GE","+44909 879 0605","alexanderbrown@example.net","38716113290941","571.76","1997-03-18T05:59:29"
"59","1PK6-FH0-JV74","Grace","Smith","Studio 76, Johnson fork","East Joanna","EC65 7UZ","+44118 4960522","maxwells@example.org","4480167522846","758.41","1995-06-28T16:20:05"
"60","6WF5NM9TG49","Brenda","Harrison","3 Tomlinson lights","Annetteville","HP35 5JQ","448081570860","rstanley@example.net","213142380483498","44.08","1996-01-28T15:37:22"
"61","7H94-WM2-GX36","Emma","Walsh","Studio 13V, Marie corners","Mollymouth","LU9 6GW","+440151 4960269","dominic72@example.org","38958906480947","123.01","2017-06-07T10:11:52"
"62","7EM3AN1DC39","Hollie","Roberts","Flat 20f, Debra alley","Leighborough","CM5 9LS","+4428 9018 091310","rroberts@example.net","6581700185346714","39.04","2017-02-13T03:51:24"
"63","9AD7-XJ1-EV00","Gary","Dodd","Studio 8, Burrows ranch","Reeschester","HD3N 9RJ","1144960721","marcbailey@example.org","4647506377114050","77.11","2011-03-01T16:15:32"
"64","9XA0AG9JD54","Graham","Williams","Flat 91h, Marshall greens","New Leslie","CA57 2SX","0117 4960039","lewisjames@example.com","4640022610710","62.34","2022-10-16T00:39:08"
"65","2MT0X69HG89","Sarah","Sutton","1 Wright tunnel","Lake Molly","DN6X 2QP","4403069990766","ndoherty@example.com","4029_8607_2333_5325","8.16","2014-08-01T07:49:32"
"66","7VQ2TH2QV09","Norman","Mitchell","Flat 99D, Jordan islands","Lindachester","EX9N 8NF","0117 49601438338","irene96@example.net","4824450958239954079","52.36","2012-10-21T03:33:47"
"67","6QK4U83PV39","Iain","Evans","631 Wendy extension","Rebeccamouth","S2A 9LU","4401184960113","keithcooper@example.org","3548297036079999","654.61","2007-04-10T19:04:10"
"68","7NY9EP5UC00","Roger","Wood","Flat 33, Fox lodge","South Jasmine","EX6 6NW","8081570397","henry16@example.com","3520379157694673","275.39","2007-06-17T09:05:50"
"69","2MP7-Y56-YJ31","Grace","White","4 Malcolm shores","Edwardfort","S4A 2RN","9098790518","kathleensmith@example.net","4476513621264133","2.49","2007-02-23T01:26:56"
"70","7NX2N47AA55","Gerald","Davies","646 Douglas gateway","North Natashatown","CM7 4WG","0151 496 0352","pwhitehead@example.net","342340797628069","24.73","2004-01-13T14:05:36"
"71","2EJ2F97MV52","Carole","Ball","5 Elaine prairie","West Charlotte","NG6 3ER","+440161 4960196","jasmineharvey@example.org","30537024214442","181.27","2010-10-23T22:18:54"
"72","2AJ6RJ0MX71","Jean","Williams","995 James ramp","East Dominicstad","W1 0WY","441632960878","faulknerlindsey@example.org","370786195204652","89.39","1996-11-29T01:46:38"
"73","1WG7RM5YC30","Lynn","Harrison","7 Roy keys","North Tony","KT64 8XZ","448081570975","fbell@example.com","2573_2271_0193_1501","770.71","2013-08-14T10:32:51"
"74","8JF5NU9JK43","Hilary","Evans","Studio 10, Patterson forks","Coopershire","DE53 7LS","289018509","tuckerjordan@example.net","6504355877376166","122.76","2006-12-19T18:04:43"
"75","3WK9FE7RK45","Iain","Doherty","Studio 23, Sam radial","South Jakeberg","N89 0BE","028 9018711","dianewatkins@example.org","340491924800683","66.74","2008-06-13T02:34:54"
"76","8KW0-EG3-XJ33","Jodie","Hyde","Studio 62s, Declan manor","Clarkefort","IG3W 5HQ","0116 496 0098","vnaylor@example.com","4839860076089","5.06","2021-06-11T21:45:32"
"77","6AR1GX3JN09","Pauline","Barton","Flat 44Q, Megan locks","Martinmouth","LS1 5YY","440909879094046","charlotte21@example.com","30345038980481","38.21","2007-11-20T19:03:56"
"78","4XK2N75QJ96","Darren","Miller","87 Taylor greens","Harrybury","B1 9JN","+44161 496 0706","jaynebishop@example.com","3572955015872523","324.71","2014-10-03T08:22:20"
"79","5HY8-AT9-FE72","Joanna","Ahmed","Studio 3, Williams fields","South Nicholas","S2 6DZ","+440121 496 0258","dhancock@example.org","30186223923815","636.01","2017-01-12T06:51:10"
"80","1N26-FY0-CE23","Anne","Norman","55 Andrews island","Mandymouth","EN99 0WG","+44029 2018 0491","mitchellnatalie@example.com","4815-0008-3126-1513","538.93","2003-05-07T02:09:34"
"81","5G17-AY5-XW46","Justin","Pugh","Flat 39q, Bethany common","Duncanton","S2E 2AG","+4401632 960 170","jonescarole@example.com","213173105920480","219.04","2004-12-03T21:50:44"
"82","9AP6TU7CF75","Elliot","Johnston","Flat 34B, Liam ford","West Roger","S9S 6RS","+4429 2018 0548","judith65@example.com","4590_1403_5573_8495","135.64","2001-06-06T21:37:14"
"83","3Q53FE9GK82","Garry","Taylor","Flat 10, Emma mews","Naylorhaven","SW15 1ER","1134960456","hardingkeith@example.org","3554-5561-6604-1959","225.56","2013-05-24T20:08:50"
"84","8C14PM5TM91","Iain","Martin","04 Sheila lodge","Amberberg","M4K 0UT","0121 4960500","hannahharvey@example.com","3530_9721_7507_2373","287.68","1999-06-12T18:15:02"
"85","4HT3UX9CN25","Adam","Evans","Studio 35, Alexandra flat","West Bryanberg","M5D 4SN","+440115 4960675","harriethudson@example.net","4406256298006","1.36","2014-05-06T11:10:01"
"86","9W39PR1CG79","Ruth","Lewis","0 Brown points","West Patricia","N2E 8EP","441214960173","cbrown@example.org","3562-4201-4972-8069","724.73","2001-08-18T12:55:47"
"87","7WP7CM9HJ72","Joan","Smith","Studio 9, Patel isle","Lawrenceville","DG67 0BN","0161 4960107","greenguy@example.org","30421505346926","20.96","2020-06-11T03:31:00"
"88","6TD2J40HJ25","Cheryl","Wilkinson","Studio 96, Murphy spurs","South Anne","WS1 6FS","0191 4960380","qevans@example.net","4368365102299","3.93","2021-03-04T16:25:14"
"89","8HJ0PD9VP73","Sarah","Cooper","535 Harrison circles","Singhland","SR84 1EF","289018468918787","elizabethcunningham@example.org","3563371165305705","67.44","2007-05-19T10:23:24"
"90","5VQ4MF3EN02","Colin","Clarke","Studio 79o, Chloe parkways","Fostermouth","S4G 5UJ","8081570432","jodie01@example.org","5183 8993 1711 1220","25.53","2005-02-07T18:51:11"
"91","4KD9AH3JQ47","Christopher","Chan","7 Ruth forges","Lake Darren","G4 4YN","0141 4960585","davisjoyce@example.org","4270 1740 9884 4184","134.96","1996-09-15T05:36:21"
"92","3TN9-UW8-TN61","Donald","Leach","19 Johnson burg","Port Helen","E0 6PS","0113 496 0962","pearsongary@example.org","4489615972552","50.48","2021-11-29T14:37:03"
"93","1A83DV2HD22","Jenna","McCarthy","Studio 47p, Johnson prairie","Port Marcusville","ML5 7RT","0114 4960794","hannahbarnett@example.org","213153039395975","108.6","2001-07-19T03:33:18"
"94","5XJ3-Y68-FC92","Abigail","Daly","1 Coleman summit","Susanburgh","G4C 1ZW","0306 999 0346","tadams@example.org","213145852753249","24.28","1998-10-15T07:02:47"
"95","3DA3DE6AU12","Nigel","Hughes","736 Hilary grove","New Denise","GL9X 6QG","028 9018 0204","terence62@example.com","30346937050558","311.56","2008-06-24T15:48:11"
"96","7YG6-KY8-UD27","Marcus","Wright","040 Harriet junction","Kellyhaven","HR4N 3QB","0131 496 0789","smithnicole@example.org","349669616561678","228.24","2011-12-20T04:27:32"
"97","5W07QJ3YY43","Martin","Watkins","05 Janice orchard","North Annette","ZE7 2GX","+440909 8790548","vwilson@example.net","4154_1503_6760_1845","561.89","1997-11-22T04:44:18"
"98","1H92WV6GM64","Lorraine","Lees","002 Payne shoals","Williamsstad","TA3 8WQ","0116 496 0064","ngibbons@example.net","501803003869","343.09","2012-09-02T08:50:32"
"99","6FU7T22QM08","Alice","Howe","Studio 9, Gardiner vista","New Timothy","E1T 0RG","151496021244658","taylorkarl@example.net","3543322421220480","207.82","2019-07-05T12:53:07"